Leaf Interface Policy Grp,LLDP_IPO,LACP_IPO,Speed_IPO,MCP_IPO,CDP_IPO,AEP,Leaf_Interface_Profile,INTF_SELECTOR,FROM_PORT,TO_PORT,Node,Leaf Switch Profile
MATLAB_101_102_MATLAB_VPC1,LLDP_Enabled_IPO,LACP_Passive_IPO,10GB_IPO,MCP_Enabled_IPO,CDP_Enabled_IPO,MATLAB_AEP,101_102_MATLAB_LIP,Eth1_31,31,31,101,101_102_MATLAB_LSP
MATLAB_101_102_MATLAB_VPC2,LLDP_Enabled_IPO,LACP_Passive_IPO,10GB_IPO,MCP_Enabled_IPO,CDP_Enabled_IPO,MATLAB_AEP,101_102_MATLAB_LIP,Eth1_32,32,32,102,101_102_MATLAB_LSP
10G_CDP_LLDP_PPG,,,,,,,101_MATLAB_LIP,Eth1_33,33,33,101,101_MATLAB_LSP
10G_CDP_LLDP_PPG,,,,,,,101_MATLAB_LIP,Eth1_34,34,34,101,101_MATLAB_LSP
10G_CDP_LLDP_PPG,,,,,,,101_MATLAB_LIP,Eth1_35,35,35,101,101_MATLAB_LSP
10G_CDP_LLDP_PPG,,,,,,,101_MATLAB_LIP,Eth1_36,36,36,101,101_MATLAB_LSP
10G_CDP_LLDP_PPG,,,,,,,101_MATLAB_LIP,Eth1_37,37,37,101,101_MATLAB_LSP
10G_CDP_LLDP_PPG,,,,,,,101_MATLAB_LIP,Eth1_38,38,38,101,101_MATLAB_LSP
10G_CDP_LLDP_PPG,,,,,,,101_MATLAB_LIP,Eth1_39,39,39,101,101_MATLAB_LSP
10G_CDP_LLDP_PPG,,,,,,,101_MATLAB_LIP,Eth1_40,40,40,101,101_MATLAB_LSP
10G_CDP_LLDP_PPG,,,,,,,101_MATLAB_LIP,Eth1_41,41,41,101,101_MATLAB_LSP
10G_CDP_LLDP_PPG,,,,,,,101_MATLAB_LIP,Eth1_42,42,42,101,101_MATLAB_LSP
10G_CDP_LLDP_PPG,,,,,,,101_MATLAB_LIP,Eth1_43,43,43,101,101_MATLAB_LSP
10G_CDP_LLDP_PPG,,,,,,,102_MATLAB_LIP,Eth1_33,33,33,102,102_MATLAB_LSP
10G_CDP_LLDP_PPG,,,,,,,102_MATLAB_LIP,Eth1_34,34,34,102,102_MATLAB_LSP
10G_CDP_LLDP_PPG,,,,,,,102_MATLAB_LIP,Eth1_35,35,35,102,102_MATLAB_LSP
10G_CDP_LLDP_PPG,,,,,,,102_MATLAB_LIP,Eth1_36,36,36,102,102_MATLAB_LSP
10G_CDP_LLDP_PPG,,,,,,,102_MATLAB_LIP,Eth1_37,37,37,102,102_MATLAB_LSP
10G_CDP_LLDP_PPG,,,,,,,102_MATLAB_LIP,Eth1_38,38,38,102,102_MATLAB_LSP
10G_CDP_LLDP_PPG,,,,,,,102_MATLAB_LIP,Eth1_39,39,39,102,102_MATLAB_LSP
10G_CDP_LLDP_PPG,,,,,,,102_MATLAB_LIP,Eth1_40,40,40,102,102_MATLAB_LSP
10G_CDP_LLDP_PPG,,,,,,,102_MATLAB_LIP,Eth1_41,41,41,102,102_MATLAB_LSP
10G_CDP_LLDP_PPG,,,,,,,102_MATLAB_LIP,Eth1_42,42,42,102,102_MATLAB_LSP
10G_CDP_LLDP_PPG,,,,,,,102_MATLAB_LIP,Eth1_43,43,43,102,102_MATLAB_LSP
